"date","female_employment","imputed"
1948-01-01,16325,FALSE
1948-02-01,16361,FALSE
1948-03-01,16240,FALSE
1948-04-01,16706,FALSE
1948-05-01,16344,FALSE
1948-06-01,16934,FALSE
1948-07-01,16999,FALSE
1948-08-01,16631,FALSE
1948-09-01,16861,FALSE
1948-10-01,16564,FALSE
1948-11-01,16682,FALSE
1948-12-01,16879,FALSE
1949-01-01,16662,FALSE
1949-02-01,16815,FALSE
1949-03-01,16861,FALSE
1949-04-01,16585,FALSE
1949-05-01,16686,FALSE
1949-06-01,16487,FALSE
1949-07-01,16706,FALSE
1949-08-01,16757,FALSE
1949-09-01,16725,FALSE
1949-10-01,16857,FALSE
1949-11-01,17003,FALSE
1949-12-01,16862,FALSE
1950-01-01,16778,FALSE
1950-02-01,16829,FALSE
1950-03-01,16786,FALSE
1950-04-01,17355,FALSE
1950-05-01,17138,FALSE
1950-06-01,17431,FALSE
1950-07-01,17254,FALSE
1950-08-01,17649,FALSE
1950-09-01,17429,FALSE
1950-10-01,17769,FALSE
1950-11-01,17785,FALSE
1950-12-01,17694,FALSE
1951-01-01,17882,FALSE
1951-02-01,17835,FALSE
1951-03-01,18213,FALSE
1951-04-01,18012,FALSE
1951-05-01,18216,FALSE
1951-06-01,17948,FALSE
1951-07-01,18542,FALSE
1951-08-01,18305,FALSE
1951-09-01,18088,FALSE
1951-10-01,18305,FALSE
1951-11-01,18245,FALSE
1951-12-01,18556,FALSE
1952-01-01,18602,FALSE
1952-02-01,18550,FALSE
1952-03-01,18220,FALSE
1952-04-01,18314,FALSE
1952-05-01,18482,FALSE
1952-06-01,18544,FALSE
1952-07-01,18382,FALSE
1952-08-01,18423,FALSE
1952-09-01,19041,FALSE
1952-10-01,18558,FALSE
1952-11-01,19066,FALSE
1952-12-01,18844,FALSE
1953-01-01,19082,FALSE
1953-02-01,19011,FALSE
1953-03-01,19118,FALSE
1953-04-01,18869,FALSE
1953-05-01,18587,FALSE
1953-06-01,18977,FALSE
1953-07-01,18923,FALSE
1953-08-01,18725,FALSE
1953-09-01,18677,FALSE
1953-10-01,18714,FALSE
1953-11-01,18446,FALSE
1953-12-01,18029,FALSE
1954-01-01,18091,FALSE
1954-02-01,18691,FALSE
1954-03-01,18661,FALSE
1954-04-01,18577,FALSE
1954-05-01,18437,FALSE
1954-06-01,18336,FALSE
1954-07-01,18191,FALSE
1954-08-01,18311,FALSE
1954-09-01,18632,FALSE
1954-10-01,18708,FALSE
1954-11-01,18677,FALSE
1954-12-01,18477,FALSE
1955-01-01,18819,FALSE
1955-02-01,18789,FALSE
1955-03-01,18834,FALSE
1955-04-01,19319,FALSE
1955-05-01,19144,FALSE
1955-06-01,19307,FALSE
1955-07-01,19679,FALSE
1955-08-01,19981,FALSE
1955-09-01,19878,FALSE
1955-10-01,19937,FALSE
1955-11-01,20078,FALSE
1955-12-01,20374,FALSE
1956-01-01,20284,FALSE
1956-02-01,20153,FALSE
1956-03-01,20034,FALSE
1956-04-01,20241,FALSE
1956-05-01,20482,FALSE
1956-06-01,20423,FALSE
1956-07-01,20418,FALSE
1956-08-01,20548,FALSE
1956-09-01,20673,FALSE
1956-10-01,20579,FALSE
1956-11-01,20523,FALSE
1956-12-01,20616,FALSE
1957-01-01,20422,FALSE
1957-02-01,20785,FALSE
1957-03-01,20762,FALSE
1957-04-01,20590,FALSE
1957-05-01,20537,FALSE
1957-06-01,20624,FALSE
1957-07-01,20909,FALSE
1957-08-01,20634,FALSE
1957-09-01,20831,FALSE
1957-10-01,20858,FALSE
1957-11-01,20741,FALSE
1957-12-01,20909,FALSE
1958-01-01,20571,FALSE
1958-02-01,20543,FALSE
1958-03-01,20555,FALSE
1958-04-01,20522,FALSE
1958-05-01,20641,FALSE
1958-06-01,20568,FALSE
1958-07-01,20489,FALSE
1958-08-01,20663,FALSE
1958-09-01,20603,FALSE
1958-10-01,20694,FALSE
1958-11-01,20739,FALSE
1958-12-01,20797,FALSE
1959-01-01,20952,FALSE
1959-02-01,20805,FALSE
1959-03-01,20986,FALSE
1959-04-01,21146,FALSE
1959-05-01,21149,FALSE
1959-06-01,21275,FALSE
1959-07-01,21221,FALSE
1959-08-01,21222,FALSE
1959-09-01,21191,FALSE
1959-10-01,21342,FALSE
1959-11-01,21239,FALSE
1959-12-01,21410,FALSE
1960-01-01,21376,FALSE
1960-02-01,21515,FALSE
1960-03-01,21135,FALSE
1960-04-01,21894,FALSE
1960-05-01,22031,FALSE
1960-06-01,22244,FALSE
1960-07-01,22075,FALSE
1960-08-01,22029,FALSE
1960-09-01,22259,FALSE
1960-10-01,21830,FALSE
1960-11-01,22123,FALSE
1960-12-01,22051,FALSE
1961-01-01,22077,FALSE
1961-02-01,22158,FALSE
1961-03-01,22301,FALSE
1961-04-01,21971,FALSE
1961-05-01,21981,FALSE
1961-06-01,22260,FALSE
1961-07-01,22014,FALSE
1961-08-01,22086,FALSE
1961-09-01,21876,FALSE
1961-10-01,22131,FALSE
1961-11-01,22190,FALSE
1961-12-01,22077,FALSE
1962-01-01,22248,FALSE
1962-02-01,22449,FALSE
1962-03-01,22372,FALSE
1962-04-01,22363,FALSE
1962-05-01,22410,FALSE
1962-06-01,22519,FALSE
1962-07-01,22438,FALSE
1962-08-01,22731,FALSE
1962-09-01,22795,FALSE
1962-10-01,22671,FALSE
1962-11-01,22603,FALSE
1962-12-01,22630,FALSE
1963-01-01,22771,FALSE
1963-02-01,22878,FALSE
1963-03-01,22970,FALSE
1963-04-01,23132,FALSE
1963-05-01,23116,FALSE
1963-06-01,22998,FALSE
1963-07-01,23097,FALSE
1963-08-01,23042,FALSE
1963-09-01,23188,FALSE
1963-10-01,23351,FALSE
1963-11-01,23358,FALSE
1963-12-01,23332,FALSE
1964-01-01,23359,FALSE
1964-02-01,23648,FALSE
1964-03-01,23638,FALSE
1964-04-01,23969,FALSE
1964-05-01,23998,FALSE
1964-06-01,23908,FALSE
1964-07-01,23769,FALSE
1964-08-01,23915,FALSE
1964-09-01,23854,FALSE
1964-10-01,23901,FALSE
1964-11-01,23952,FALSE
1964-12-01,24068,FALSE
1965-01-01,24141,FALSE
1965-02-01,24135,FALSE
1965-03-01,24345,FALSE
1965-04-01,24420,FALSE
1965-05-01,24557,FALSE
1965-06-01,24785,FALSE
1965-07-01,24978,FALSE
1965-08-01,24920,FALSE
1965-09-01,24907,FALSE
1965-10-01,25134,FALSE
1965-11-01,25147,FALSE
1965-12-01,25379,FALSE
1966-01-01,25465,FALSE
1966-02-01,25424,FALSE
1966-03-01,25433,FALSE
1966-04-01,25581,FALSE
1966-05-01,25666,FALSE
1966-06-01,25811,FALSE
1966-07-01,25925,FALSE
1966-08-01,26164,FALSE
1966-09-01,26351,FALSE
1966-10-01,26403,FALSE
1966-11-01,26735,FALSE
1966-12-01,26671,FALSE
1967-01-01,26419,FALSE
1967-02-01,26432,FALSE
1967-03-01,26334,FALSE
1967-04-01,26700,FALSE
1967-05-01,26613,FALSE
1967-06-01,26791,FALSE
1967-07-01,26914,FALSE
1967-08-01,27077,FALSE
1967-09-01,27154,FALSE
1967-10-01,27278,FALSE
1967-11-01,27395,FALSE
1967-12-01,27628,FALSE
1968-01-01,27114,FALSE
1968-02-01,27426,FALSE
1968-03-01,27572,FALSE
1968-04-01,27573,FALSE
1968-05-01,28022,FALSE
1968-06-01,27998,FALSE
1968-07-01,27856,FALSE
1968-08-01,27754,FALSE
1968-09-01,28002,FALSE
1968-10-01,28001,FALSE
1968-11-01,28189,FALSE
1968-12-01,28199,FALSE
1969-01-01,28294,FALSE
1969-02-01,28612,FALSE
1969-03-01,28687,FALSE
1969-04-01,28831,FALSE
1969-05-01,28805,FALSE
1969-06-01,29140,FALSE
1969-07-01,29245,FALSE
1969-08-01,29289,FALSE
1969-09-01,29293,FALSE
1969-10-01,29488,FALSE
1969-11-01,29508,FALSE
1969-12-01,29685,FALSE
1970-01-01,29668,FALSE
1970-02-01,29609,FALSE
1970-03-01,29666,FALSE
1970-04-01,29850,FALSE
1970-05-01,29489,FALSE
1970-06-01,29586,FALSE
1970-07-01,29819,FALSE
1970-08-01,29774,FALSE
1970-09-01,29570,FALSE
1970-10-01,29830,FALSE
1970-11-01,29700,FALSE
1970-12-01,29661,FALSE
1971-01-01,29904,FALSE
1971-02-01,29778,FALSE
1971-03-01,29677,FALSE
1971-04-01,29703,FALSE
1971-05-01,29758,FALSE
1971-06-01,29606,FALSE
1971-07-01,29769,FALSE
1971-08-01,29983,FALSE
1971-09-01,30126,FALSE
1971-10-01,30266,FALSE
1971-11-01,30482,FALSE
1971-12-01,30619,FALSE
1972-01-01,30881,FALSE
1972-02-01,30934,FALSE
1972-03-01,31078,FALSE
1972-04-01,31095,FALSE
1972-05-01,31209,FALSE
1972-06-01,31137,FALSE
1972-07-01,31201,FALSE
1972-08-01,31370,FALSE
1972-09-01,31345,FALSE
1972-10-01,31420,FALSE
1972-11-01,31626,FALSE
1972-12-01,31792,FALSE
1973-01-01,31643,FALSE
1973-02-01,32096,FALSE
1973-03-01,32288,FALSE
1973-04-01,32479,FALSE
1973-05-01,32645,FALSE
1973-06-01,32849,FALSE
1973-07-01,32763,FALSE
1973-08-01,32828,FALSE
1973-09-01,32986,FALSE
1973-10-01,33202,FALSE
1973-11-01,33410,FALSE
1973-12-01,33343,FALSE
1974-01-01,33253,FALSE
1974-02-01,33526,FALSE
1974-03-01,33662,FALSE
1974-04-01,33716,FALSE
1974-05-01,33726,FALSE
1974-06-01,33857,FALSE
1974-07-01,34159,FALSE
1974-08-01,34014,FALSE
1974-09-01,33979,FALSE
1974-10-01,33950,FALSE
1974-11-01,33755,FALSE
1974-12-01,33707,FALSE
1975-01-01,33660,FALSE
1975-02-01,33467,FALSE
1975-03-01,33555,FALSE
1975-04-01,33645,FALSE
1975-05-01,33755,FALSE
1975-06-01,33846,FALSE
1975-07-01,34050,FALSE
1975-08-01,34214,FALSE
1975-09-01,34274,FALSE
1975-10-01,34372,FALSE
1975-11-01,34390,FALSE
1975-12-01,34554,FALSE
1976-01-01,34922,FALSE
1976-02-01,35002,FALSE
1976-03-01,35214,FALSE
1976-04-01,35345,FALSE
1976-05-01,35650,FALSE
1976-06-01,35641,FALSE
1976-07-01,35839,FALSE
1976-08-01,35802,FALSE
1976-09-01,35774,FALSE
1976-10-01,35803,FALSE
1976-11-01,36148,FALSE
1976-12-01,36224,FALSE
1977-01-01,36211,FALSE
1977-02-01,36458,FALSE
1977-03-01,36727,FALSE
1977-04-01,36944,FALSE
1977-05-01,37283,FALSE
1977-06-01,37226,FALSE
1977-07-01,37277,FALSE
1977-08-01,37496,FALSE
1977-09-01,37728,FALSE
1977-10-01,37727,FALSE
1977-11-01,38106,FALSE
1977-12-01,38260,FALSE
1978-01-01,38524,FALSE
1978-02-01,38704,FALSE
1978-03-01,38899,FALSE
1978-04-01,39232,FALSE
1978-05-01,39399,FALSE
1978-06-01,39619,FALSE
1978-07-01,39539,FALSE
1978-08-01,39711,FALSE
1978-09-01,40036,FALSE
1978-10-01,40320,FALSE
1978-11-01,40345,FALSE
1978-12-01,40492,FALSE
1979-01-01,40537,FALSE
1979-02-01,40781,FALSE
1979-03-01,41043,FALSE
1979-04-01,40734,FALSE
1979-05-01,40882,FALSE
1979-06-01,40980,FALSE
1979-07-01,41287,FALSE
1979-08-01,41183,FALSE
1979-09-01,41514,FALSE
1979-10-01,41691,FALSE
1979-11-01,41869,FALSE
1979-12-01,42052,FALSE
1980-01-01,42133,FALSE
1980-02-01,42071,FALSE
1980-03-01,42044,FALSE
1980-04-01,42026,FALSE
1980-05-01,41941,FALSE
1980-06-01,41908,FALSE
1980-07-01,42001,FALSE
1980-08-01,42054,FALSE
1980-09-01,42230,FALSE
1980-10-01,42244,FALSE
1980-11-01,42378,FALSE
1980-12-01,42346,FALSE
1981-01-01,42597,FALSE
1981-02-01,42816,FALSE
1981-03-01,42974,FALSE
1981-04-01,43177,FALSE
1981-05-01,43272,FALSE
1981-06-01,43052,FALSE
1981-07-01,43097,FALSE
1981-08-01,43151,FALSE
1981-09-01,42683,FALSE
1981-10-01,43126,FALSE
1981-11-01,43175,FALSE
1981-12-01,42913,FALSE
1982-01-01,43020,FALSE
1982-02-01,43052,FALSE
1982-03-01,43131,FALSE
1982-04-01,43066,FALSE
1982-05-01,43350,FALSE
1982-06-01,43372,FALSE
1982-07-01,43380,FALSE
1982-08-01,43472,FALSE
1982-09-01,43455,FALSE
1982-10-01,43268,FALSE
1982-11-01,43265,FALSE
1982-12-01,43259,FALSE
1983-01-01,43377,FALSE
1983-02-01,43377,FALSE
1983-03-01,43380,FALSE
1983-04-01,43549,FALSE
1983-05-01,43509,FALSE
1983-06-01,43716,FALSE
1983-07-01,44057,FALSE
1983-08-01,44446,FALSE
1983-09-01,44709,FALSE
1983-10-01,44605,FALSE
1983-11-01,44829,FALSE
1983-12-01,44963,FALSE
1984-01-01,44978,FALSE
1984-02-01,45302,FALSE
1984-03-01,45346,FALSE
1984-04-01,45638,FALSE
1984-05-01,46190,FALSE
1984-06-01,46129,FALSE
1984-07-01,46223,FALSE
1984-08-01,45962,FALSE
1984-09-01,46082,FALSE
1984-10-01,46173,FALSE
1984-11-01,46342,FALSE
1984-12-01,46561,FALSE
1985-01-01,46731,FALSE
1985-02-01,46992,FALSE
1985-03-01,47213,FALSE
1985-04-01,47122,FALSE
1985-05-01,47001,FALSE
1985-06-01,46889,FALSE
1985-07-01,47061,FALSE
1985-08-01,47154,FALSE
1985-09-01,47525,FALSE
1985-10-01,47656,FALSE
1985-11-01,47779,FALSE
1985-12-01,47970,FALSE
1986-01-01,48031,FALSE
1986-02-01,47931,FALSE
1986-03-01,48189,FALSE
1986-04-01,48247,FALSE
1986-05-01,48438,FALSE
1986-06-01,48780,FALSE
1986-07-01,48959,FALSE
1986-08-01,49082,FALSE
1986-09-01,49085,FALSE
1986-10-01,49245,FALSE
1986-11-01,49195,FALSE
1986-12-01,49296,FALSE
1987-01-01,49362,FALSE
1987-02-01,49593,FALSE
1987-03-01,49749,FALSE
1987-04-01,49985,FALSE
1987-05-01,50389,FALSE
1987-06-01,50315,FALSE
1987-07-01,50536,FALSE
1987-08-01,50745,FALSE
1987-09-01,50518,FALSE
1987-10-01,50781,FALSE
1987-11-01,50909,FALSE
1987-12-01,51108,FALSE
1988-01-01,51181,FALSE
1988-02-01,51249,FALSE
1988-03-01,51313,FALSE
1988-04-01,51372,FALSE
1988-05-01,51161,FALSE
1988-06-01,51562,FALSE
1988-07-01,51613,FALSE
1988-08-01,51802,FALSE
1988-09-01,51861,FALSE
1988-10-01,52191,FALSE
1988-11-01,52542,FALSE
1988-12-01,52584,FALSE
1989-01-01,52889,FALSE
1989-02-01,52775,FALSE
1989-03-01,52753,FALSE
1989-04-01,52867,FALSE
1989-05-01,52873,FALSE
1989-06-01,52810,FALSE
1989-07-01,52923,FALSE
1989-08-01,53128,FALSE
1989-09-01,53292,FALSE
1989-10-01,53148,FALSE
1989-11-01,53535,FALSE
1989-12-01,53331,FALSE
1990-01-01,53755,FALSE
1990-02-01,53688,FALSE
1990-03-01,53787,FALSE
1990-04-01,53696,FALSE
1990-05-01,53840,FALSE
1990-06-01,53730,FALSE
1990-07-01,53681,FALSE
1990-08-01,53743,FALSE
1990-09-01,53676,FALSE
1990-10-01,53644,FALSE
1990-11-01,53523,FALSE
1990-12-01,53495,FALSE
1991-01-01,53387,FALSE
1991-02-01,53472,FALSE
1991-03-01,53371,FALSE
1991-04-01,53757,FALSE
1991-05-01,53324,FALSE
1991-06-01,53445,FALSE
1991-07-01,53388,FALSE
1991-08-01,53354,FALSE
1991-09-01,53654,FALSE
1991-10-01,53634,FALSE
1991-11-01,53615,FALSE
1991-12-01,53519,FALSE
1992-01-01,53881,FALSE
1992-02-01,53812,FALSE
1992-03-01,53932,FALSE
1992-04-01,54038,FALSE
1992-05-01,53960,FALSE
1992-06-01,53992,FALSE
1992-07-01,54141,FALSE
1992-08-01,54192,FALSE
1992-09-01,54077,FALSE
1992-10-01,54076,FALSE
1992-11-01,54242,FALSE
1992-12-01,54258,FALSE
1993-01-01,54234,FALSE
1993-02-01,54326,FALSE
1993-03-01,54524,FALSE
1993-04-01,54480,FALSE
1993-05-01,54802,FALSE
1993-06-01,54900,FALSE
1993-07-01,54954,FALSE
1993-08-01,55148,FALSE
1993-09-01,55116,FALSE
1993-10-01,55245,FALSE
1993-11-01,55433,FALSE
1993-12-01,55713,FALSE
1994-01-01,56044,FALSE
1994-02-01,56244,FALSE
1994-03-01,56062,FALSE
1994-04-01,56322,FALSE
1994-05-01,56657,FALSE
1994-06-01,56434,FALSE
1994-07-01,56537,FALSE
1994-08-01,56770,FALSE
1994-09-01,56906,FALSE
1994-10-01,57047,FALSE
1994-11-01,57200,FALSE
1994-12-01,57136,FALSE
1995-01-01,57204,FALSE
1995-02-01,57310,FALSE
1995-03-01,57305,FALSE
1995-04-01,57473,FALSE
1995-05-01,57389,FALSE
1995-06-01,57196,FALSE
1995-07-01,57533,FALSE
1995-08-01,57622,FALSE
1995-09-01,57625,FALSE
1995-10-01,57868,FALSE
1995-11-01,57973,FALSE
1995-12-01,57772,FALSE
1996-01-01,57678,FALSE
1996-02-01,57934,FALSE
1996-03-01,58094,FALSE
1996-04-01,58168,FALSE
1996-05-01,58201,FALSE
1996-06-01,58337,FALSE
1996-07-01,58564,FALSE
1996-08-01,58687,FALSE
1996-09-01,58990,FALSE
1996-10-01,59078,FALSE
1996-11-01,59216,FALSE
1996-12-01,59111,FALSE
1997-01-01,59270,FALSE
1997-02-01,59153,FALSE
1997-03-01,59549,FALSE
1997-04-01,59684,FALSE
1997-05-01,59672,FALSE
1997-06-01,59802,FALSE
1997-07-01,60063,FALSE
1997-08-01,60116,FALSE
1997-09-01,60162,FALSE
1997-10-01,60212,FALSE
1997-11-01,60326,FALSE
1997-12-01,60541,FALSE
1998-01-01,60455,FALSE
1998-02-01,60486,FALSE
1998-03-01,60579,FALSE
1998-04-01,60532,FALSE
1998-05-01,60658,FALSE
1998-06-01,60610,FALSE
1998-07-01,60663,FALSE
1998-08-01,60816,FALSE
1998-09-01,61130,FALSE
1998-10-01,61005,FALSE
1998-11-01,61052,FALSE
1998-12-01,61389,FALSE
1999-01-01,61737,FALSE
1999-02-01,61679,FALSE
1999-03-01,61673,FALSE
1999-04-01,61781,FALSE
1999-05-01,61969,FALSE
1999-06-01,62016,FALSE
1999-07-01,61987,FALSE
1999-08-01,62158,FALSE
1999-09-01,62145,FALSE
1999-10-01,62393,FALSE
1999-11-01,62528,FALSE
1999-12-01,62571,FALSE
2000-01-01,63402,FALSE
2000-02-01,63356,FALSE
2000-03-01,63425,FALSE
2000-04-01,63955,FALSE
2000-05-01,63473,FALSE
2000-06-01,63598,FALSE
2000-07-01,63443,FALSE
2000-08-01,63228,FALSE
2000-09-01,63604,FALSE
2000-10-01,63745,FALSE
2000-11-01,63824,FALSE
2000-12-01,64050,FALSE
2001-01-01,64084,FALSE
2001-02-01,64078,FALSE
2001-03-01,64286,FALSE
2001-04-01,63842,FALSE
2001-05-01,63829,FALSE
2001-06-01,63741,FALSE
2001-07-01,63797,FALSE
2001-08-01,63412,FALSE
2001-09-01,63511,FALSE
2001-10-01,63479,FALSE
2001-11-01,63536,FALSE
2001-12-01,63289,FALSE
2002-01-01,63196,FALSE
2002-02-01,63661,FALSE
2002-03-01,63474,FALSE
2002-04-01,63359,FALSE
2002-05-01,63333,FALSE
2002-06-01,63489,FALSE
2002-07-01,63449,FALSE
2002-08-01,63710,FALSE
2002-09-01,63887,FALSE
2002-10-01,63836,FALSE
2002-11-01,63785,FALSE
2002-12-01,63762,FALSE
2003-01-01,64491,FALSE
2003-02-01,64240,FALSE
2003-03-01,64398,FALSE
2003-04-01,64457,FALSE
2003-05-01,64431,FALSE
2003-06-01,64692,FALSE
2003-07-01,64413,FALSE
2003-08-01,64398,FALSE
2003-09-01,64072,FALSE
2003-10-01,64387,FALSE
2003-11-01,64549,FALSE
2003-12-01,64262,FALSE
2004-01-01,64139,FALSE
2004-02-01,64460,FALSE
2004-03-01,64461,FALSE
2004-04-01,64617,FALSE
2004-05-01,64770,FALSE
2004-06-01,64710,FALSE
2004-07-01,64793,FALSE
2004-08-01,64790,FALSE
2004-09-01,64805,FALSE
2004-10-01,64891,FALSE
2004-11-01,65046,FALSE
2004-12-01,65163,FALSE
2005-01-01,65274,FALSE
2005-02-01,65228,FALSE
2005-03-01,65266,FALSE
2005-04-01,65489,FALSE
2005-05-01,65603,FALSE
2005-06-01,65604,FALSE
2005-07-01,65788,FALSE
2005-08-01,66001,FALSE
2005-09-01,66146,FALSE
2005-10-01,66199,FALSE
2005-11-01,66149,FALSE
2005-12-01,66208,FALSE
2006-01-01,66210,FALSE
2006-02-01,66411,FALSE
2006-03-01,66423,FALSE
2006-04-01,66522,FALSE
2006-05-01,66771,FALSE
2006-06-01,66991,FALSE
2006-07-01,67144,FALSE
2006-08-01,67191,FALSE
2006-09-01,66929,FALSE
2006-10-01,67394,FALSE
2006-11-01,67463,FALSE
2006-12-01,67627,FALSE
2007-01-01,67673,FALSE
2007-02-01,67766,FALSE
2007-03-01,67902,FALSE
2007-04-01,67273,FALSE
2007-05-01,67624,FALSE
2007-06-01,67803,FALSE
2007-07-01,67777,FALSE
2007-08-01,67715,FALSE
2007-09-01,68098,FALSE
2007-10-01,67862,FALSE
2007-11-01,68085,FALSE
2007-12-01,67967,FALSE
2008-01-01,68048,FALSE
2008-02-01,67935,FALSE
2008-03-01,68007,FALSE
2008-04-01,68106,FALSE
2008-05-01,68041,FALSE
2008-06-01,67995,FALSE
2008-07-01,67911,FALSE
2008-08-01,67803,FALSE
2008-09-01,67875,FALSE
2008-10-01,67863,FALSE
2008-11-01,67583,FALSE
2008-12-01,67466,FALSE
2009-01-01,66939,FALSE
2009-02-01,66907,FALSE
2009-03-01,66683,FALSE
2009-04-01,66635,FALSE
2009-05-01,66416,FALSE
2009-06-01,66318,FALSE
2009-07-01,66286,FALSE
2009-08-01,66082,FALSE
2009-09-01,65686,FALSE
2009-10-01,65523,FALSE
2009-11-01,65741,FALSE
2009-12-01,65409,FALSE
2010-01-01,65811,FALSE
2010-02-01,65801,FALSE
2010-03-01,65686,FALSE
2010-04-01,65745,FALSE
2010-05-01,65703,FALSE
2010-06-01,65762,FALSE
2010-07-01,65611,FALSE
2010-08-01,65732,FALSE
2010-09-01,65755,FALSE
2010-10-01,65585,FALSE
2010-11-01,65675,FALSE
2010-12-01,65704,FALSE
2011-01-01,65513,FALSE
2011-02-01,65406,FALSE
2011-03-01,65662,FALSE
2011-04-01,65613,FALSE
2011-05-01,65478,FALSE
2011-06-01,65343,FALSE
2011-07-01,65472,FALSE
2011-08-01,65580,FALSE
2011-09-01,65668,FALSE
2011-10-01,65846,FALSE
2011-11-01,65793,FALSE
2011-12-01,65667,FALSE
2012-01-01,66420,FALSE
2012-02-01,66679,FALSE
2012-03-01,66780,FALSE
2012-04-01,66627,FALSE
2012-05-01,66811,FALSE
2012-06-01,66915,FALSE
2012-07-01,66791,FALSE
2012-08-01,66946,FALSE
2012-09-01,67208,FALSE
2012-10-01,67295,FALSE
2012-11-01,67277,FALSE
2012-12-01,67219,FALSE
2013-01-01,67127,FALSE
2013-02-01,67120,FALSE
2013-03-01,67102,FALSE
2013-04-01,67439,FALSE
2013-05-01,67591,FALSE
2013-06-01,67599,FALSE
2013-07-01,67858,FALSE
2013-08-01,68050,FALSE
2013-09-01,67905,FALSE
2013-10-01,67475,FALSE
2013-11-01,67761,FALSE
2013-12-01,67908,FALSE
2014-01-01,68215,FALSE
2014-02-01,68468,FALSE
2014-03-01,68304,FALSE
2014-04-01,68453,FALSE
2014-05-01,68528,FALSE
2014-06-01,68600,FALSE
2014-07-01,68516,FALSE
2014-08-01,68569,FALSE
2014-09-01,68566,FALSE
2014-10-01,69003,FALSE
2014-11-01,69124,FALSE
2014-12-01,69041,FALSE
2015-01-01,69411,FALSE
2015-02-01,69283,FALSE
2015-03-01,69287,FALSE
2015-04-01,69417,FALSE
2015-05-01,69663,FALSE
2015-06-01,69787,FALSE
2015-07-01,69579,FALSE
2015-08-01,69853,FALSE
2015-09-01,69586,FALSE
2015-10-01,69900,FALSE
2015-11-01,70228,FALSE
2015-12-01,70414,FALSE
2016-01-01,70607,FALSE
2016-02-01,70589,FALSE
2016-03-01,70760,FALSE
2016-04-01,70654,FALSE
2016-05-01,70786,FALSE
2016-06-01,70554,FALSE
2016-07-01,70895,FALSE
2016-08-01,70962,FALSE
2016-09-01,71000,FALSE
2016-10-01,71090,FALSE
2016-11-01,71195,FALSE
2016-12-01,71270,FALSE
2017-01-01,71205,FALSE
2017-02-01,71454,FALSE
2017-03-01,71943,FALSE
2017-04-01,71825,FALSE
2017-05-01,71773,FALSE
2017-06-01,71891,FALSE
2017-07-01,72240,FALSE
2017-08-01,72098,FALSE
2017-09-01,72367,FALSE
2017-10-01,72011,FALSE
2017-11-01,72248,FALSE
2017-12-01,72105,FALSE
2018-01-01,72206,FALSE
2018-02-01,72605,FALSE
2018-03-01,72586,FALSE
2018-04-01,72640,FALSE
2018-05-01,72842,FALSE
2018-06-01,73093,FALSE
2018-07-01,73415,FALSE
2018-08-01,72926,FALSE
2018-09-01,73372,FALSE
2018-10-01,73582,FALSE
2018-11-01,73625,FALSE
2018-12-01,73840,FALSE
2019-01-01,73589,FALSE
2019-02-01,73905,FALSE
2019-03-01,73722,FALSE
2019-04-01,73639,FALSE
2019-05-01,73533,FALSE
2019-06-01,73728,FALSE
2019-07-01,73787,FALSE
2019-08-01,74156,FALSE
2019-09-01,74584,FALSE
2019-10-01,74808,FALSE
2019-11-01,74608,FALSE
2019-12-01,74845,FALSE
2020-01-01,74707,FALSE
2020-02-01,75003,FALSE
2020-03-01,73235,FALSE
2020-04-01,61374,FALSE
2020-05-01,63389,FALSE
2020-06-01,66517,FALSE
2020-07-01,67333,FALSE
2020-08-01,68877,FALSE
2020-09-01,68943,FALSE
2020-10-01,70344,FALSE
2020-11-01,70609,FALSE
2020-12-01,70518,FALSE
2021-01-01,70217,FALSE
2021-02-01,70712,FALSE
2021-03-01,71181,FALSE
2021-04-01,71058,FALSE
2021-05-01,71290,FALSE
2021-06-01,71401,FALSE
2021-07-01,71883,FALSE
2021-08-01,71963,FALSE
2021-09-01,72267,FALSE
2021-10-01,72499,FALSE
2021-11-01,72995,FALSE
2021-12-01,73540,FALSE
2022-01-01,73635,FALSE
2022-02-01,73524,FALSE
2022-03-01,74069,FALSE
2022-04-01,73921,FALSE
2022-05-01,74168,FALSE
2022-06-01,74103,FALSE
2022-07-01,74340,FALSE
2022-08-01,74608,FALSE
2022-09-01,74288,FALSE
2022-10-01,74045,FALSE
2022-11-01,73975,FALSE
2022-12-01,74409,FALSE
2023-01-01,74968,FALSE
2023-02-01,75095,FALSE
2023-03-01,75183,FALSE
2023-04-01,75381,FALSE
2023-05-01,75312,FALSE
2023-06-01,75531,FALSE
2023-07-01,75772,FALSE
2023-08-01,76002,FALSE
2023-09-01,75884,FALSE
2023-10-01,75984,FALSE
2023-11-01,75907,FALSE
2023-12-01,75394,FALSE
2024-01-01,76096,FALSE
2024-02-01,75965,FALSE
2024-03-01,75965,FALSE
2024-04-01,76239,FALSE
2024-05-01,76201,FALSE
2024-06-01,75709,FALSE
2024-07-01,75903,FALSE
2024-08-01,76396,FALSE
2024-09-01,76251,FALSE
2024-10-01,75854,FALSE
2024-11-01,75830,FALSE
2024-12-01,75993,FALSE
2025-01-01,77131,FALSE
2025-02-01,77068,FALSE
2025-03-01,77052,FALSE
2025-04-01,77208,FALSE
2025-05-01,76771,FALSE
2025-06-01,76769,FALSE
2025-07-01,76765,FALSE
2025-08-01,76536,FALSE
2025-09-01,77004,FALSE
2025-10-01,77072.8524590164,TRUE
2025-11-01,77144,FALSE
2025-12-01,77180,FALSE
2026-01-01,77749,FALSE
2026-02-01,77702,FALSE
2026-03-01,77737,FALSE
2026-04-01,77615,FALSE
2026-05-01,77599,FALSE
2026-06-01,77410,FALSE
2026-07-01,77199,FALSE
